date,employee_id,line_id,amount
2025-01,265,Monthly-pay,135000.0
2025-02,265,Monthly-pay,135000.0
2025-03,265,Monthly-pay,135000.0
2025-04,265,Monthly-pay,135000.0
2025-05,265,Monthly-pay,135000.0
2025-06,265,Monthly-pay,135000.0
2025-07,265,Monthly-pay,135000.0
2025-08,265,Monthly-pay,135000.0
2025-09,265,Monthly-pay,135000.0
2025-10,265,Monthly-pay,135000.0
2025-11,265,Monthly-pay,135000.0
2025-12,265,Monthly-pay,135000.0
2025-01,530,Monthly-pay,131600.0
2025-02,530,Monthly-pay,131600.0
2025-03,530,Monthly-pay,131600.0
2025-04,530,Monthly-pay,131600.0
2025-05,530,Monthly-pay,131600.0
2025-06,530,Monthly-pay,131600.0
2025-07,530,Monthly-pay,131600.0
2025-08,530,Monthly-pay,131600.0
2025-09,530,Monthly-pay,131600.0
2025-10,530,Monthly-pay,131600.0
2025-11,530,Monthly-pay,131600.0
2025-12,530,Monthly-pay,131600.0
2025-01,130,Monthly-pay,93700.0
2025-02,130,Monthly-pay,93700.0
2025-03,130,Monthly-pay,93700.0
2025-04,130,Monthly-pay,93700.0
2025-05,130,Monthly-pay,93700.0
2025-06,130,Monthly-pay,93700.0
2025-07,130,Monthly-pay,93700.0
2025-08,130,Monthly-pay,93700.0
2025-09,130,Monthly-pay,93700.0
2025-10,130,Monthly-pay,93700.0
2025-11,130,Monthly-pay,93700.0
2025-12,130,Monthly-pay,93700.0
2025-01,167,Monthly-pay,88800.0
2025-02,167,Monthly-pay,88800.0
2025-03,167,Monthly-pay,88800.0
2025-04,167,Monthly-pay,88800.0
2025-05,167,Monthly-pay,88800.0
2025-06,167,Monthly-pay,88800.0
2025-07,167,Monthly-pay,88800.0
2025-08,167,Monthly-pay,88800.0
2025-09,167,Monthly-pay,88800.0
2025-10,167,Monthly-pay,88800.0
2025-11,167,Monthly-pay,88800.0
2025-12,167,Monthly-pay,88800.0
2025-01,849,Monthly-pay,84700.0
2025-02,849,Monthly-pay,84700.0
2025-03,849,Monthly-pay,84700.0
2025-04,849,Monthly-pay,84700.0
2025-05,849,Monthly-pay,84700.0
2025-06,849,Monthly-pay,84700.0
2025-07,849,Monthly-pay,84700.0
2025-08,849,Monthly-pay,84700.0
2025-09,849,Monthly-pay,84700.0
2025-10,849,Monthly-pay,84700.0
2025-11,849,Monthly-pay,84700.0
2025-12,849,Monthly-pay,84700.0
2025-01,983,Monthly-pay,82900.0
2025-02,983,Monthly-pay,82900.0
2025-03,983,Monthly-pay,82900.0
2025-04,983,Monthly-pay,82900.0
2025-05,983,Monthly-pay,82900.0
2025-06,983,Monthly-pay,82900.0
2025-07,983,Monthly-pay,82900.0
2025-08,983,Monthly-pay,82900.0
2025-09,983,Monthly-pay,82900.0
2025-10,983,Monthly-pay,82900.0
2025-11,983,Monthly-pay,82900.0
2025-12,983,Monthly-pay,82900.0
2025-01,462,Monthly-pay,62300.0
2025-02,462,Monthly-pay,62300.0
2025-03,462,Monthly-pay,62300.0
2025-04,462,Monthly-pay,62300.0
2025-05,462,Monthly-pay,62300.0
2025-06,462,Monthly-pay,62300.0
2025-07,462,Monthly-pay,62300.0
2025-08,462,Monthly-pay,62300.0
2025-09,462,Monthly-pay,62300.0
2025-10,462,Monthly-pay,62300.0
2025-11,462,Monthly-pay,62300.0
2025-12,462,Monthly-pay,62300.0
2025-01,207,Monthly-pay,59700.0
2025-02,207,Monthly-pay,59700.0
2025-03,207,Monthly-pay,59700.0
2025-04,207,Monthly-pay,59700.0
2025-05,207,Monthly-pay,59700.0
2025-06,207,Monthly-pay,59700.0
2025-07,207,Monthly-pay,59700.0
2025-08,207,Monthly-pay,59700.0
2025-09,207,Monthly-pay,59700.0
2025-10,207,Monthly-pay,59700.0
2025-11,207,Monthly-pay,59700.0
2025-12,207,Monthly-pay,59700.0
2025-01,414,Monthly-pay,59700.0
2025-02,414,Monthly-pay,59700.0
2025-03,414,Monthly-pay,59700.0
2025-04,414,Monthly-pay,59700.0
2025-05,414,Monthly-pay,59700.0
2025-06,414,Monthly-pay,59700.0
2025-07,414,Monthly-pay,59700.0
2025-08,414,Monthly-pay,59700.0
2025-09,414,Monthly-pay,59700.0
2025-10,414,Monthly-pay,59700.0
2025-11,414,Monthly-pay,59700.0
2025-12,414,Monthly-pay,59700.0
2025-01,392,Monthly-pay,53700.0
2025-02,392,Monthly-pay,53700.0
2025-03,392,Monthly-pay,53700.0
2025-04,392,Monthly-pay,53700.0
2025-05,392,Monthly-pay,53700.0
2025-06,392,Monthly-pay,53700.0
2025-07,392,Monthly-pay,53700.0
2025-08,392,Monthly-pay,53700.0
2025-09,392,Monthly-pay,53700.0
2025-10,392,Monthly-pay,53700.0
2025-11,392,Monthly-pay,53700.0
2025-12,392,Monthly-pay,53700.0
2025-01,265,A-indkomst uden bidrag,0.0
2025-02,265,A-indkomst uden bidrag,0.0
2025-03,265,A-indkomst uden bidrag,0.0
2025-04,265,A-indkomst uden bidrag,0.0
2025-05,265,A-indkomst uden bidrag,0.0
2025-06,265,A-indkomst uden bidrag,0.0
2025-07,265,A-indkomst uden bidrag,0.0
2025-08,265,A-indkomst uden bidrag,0.0
2025-09,265,A-indkomst uden bidrag,0.0
2025-10,265,A-indkomst uden bidrag,0.0
2025-11,265,A-indkomst uden bidrag,0.0
2025-12,265,A-indkomst uden bidrag,0.0
2025-01,530,A-indkomst uden bidrag,0.0
2025-02,530,A-indkomst uden bidrag,0.0
2025-03,530,A-indkomst uden bidrag,0.0
2025-04,530,A-indkomst uden bidrag,0.0
2025-05,530,A-indkomst uden bidrag,0.0
2025-06,530,A-indkomst uden bidrag,0.0
2025-07,530,A-indkomst uden bidrag,0.0
2025-08,530,A-indkomst uden bidrag,0.0
2025-09,530,A-indkomst uden bidrag,0.0
2025-10,530,A-indkomst uden bidrag,0.0
2025-11,530,A-indkomst uden bidrag,0.0
2025-12,530,A-indkomst uden bidrag,0.0
2025-01,130,A-indkomst uden bidrag,0.0
2025-02,130,A-indkomst uden bidrag,0.0
2025-03,130,A-indkomst uden bidrag,0.0
2025-04,130,A-indkomst uden bidrag,0.0
2025-05,130,A-indkomst uden bidrag,0.0
2025-06,130,A-indkomst uden bidrag,0.0
2025-07,130,A-indkomst uden bidrag,0.0
2025-08,130,A-indkomst uden bidrag,0.0
2025-09,130,A-indkomst uden bidrag,0.0
2025-10,130,A-indkomst uden bidrag,0.0
2025-11,130,A-indkomst uden bidrag,0.0
2025-12,130,A-indkomst uden bidrag,0.0
2025-01,167,A-indkomst uden bidrag,0.0
2025-02,167,A-indkomst uden bidrag,0.0
2025-03,167,A-indkomst uden bidrag,0.0
2025-04,167,A-indkomst uden bidrag,0.0
2025-05,167,A-indkomst uden bidrag,0.0
2025-06,167,A-indkomst uden bidrag,0.0
2025-07,167,A-indkomst uden bidrag,0.0
2025-08,167,A-indkomst uden bidrag,0.0
2025-09,167,A-indkomst uden bidrag,0.0
2025-10,167,A-indkomst uden bidrag,0.0
2025-11,167,A-indkomst uden bidrag,0.0
2025-12,167,A-indkomst uden bidrag,0.0
2025-01,849,A-indkomst uden bidrag,0.0
2025-02,849,A-indkomst uden bidrag,0.0
2025-03,849,A-indkomst uden bidrag,0.0
2025-04,849,A-indkomst uden bidrag,0.0
2025-05,849,A-indkomst uden bidrag,0.0
2025-06,849,A-indkomst uden bidrag,0.0
2025-07,849,A-indkomst uden bidrag,0.0
2025-08,849,A-indkomst uden bidrag,0.0
2025-09,849,A-indkomst uden bidrag,0.0
2025-10,849,A-indkomst uden bidrag,0.0
2025-11,849,A-indkomst uden bidrag,0.0
2025-12,849,A-indkomst uden bidrag,0.0
2025-01,983,A-indkomst uden bidrag,0.0
2025-02,983,A-indkomst uden bidrag,0.0
2025-03,983,A-indkomst uden bidrag,0.0
2025-04,983,A-indkomst uden bidrag,0.0
2025-05,983,A-indkomst uden bidrag,0.0
2025-06,983,A-indkomst uden bidrag,0.0
2025-07,983,A-indkomst uden bidrag,0.0
2025-08,983,A-indkomst uden bidrag,0.0
2025-09,983,A-indkomst uden bidrag,0.0
2025-10,983,A-indkomst uden bidrag,0.0
2025-11,983,A-indkomst uden bidrag,0.0
2025-12,983,A-indkomst uden bidrag,0.0
2025-01,462,A-indkomst uden bidrag,0.0
2025-02,462,A-indkomst uden bidrag,0.0
2025-03,462,A-indkomst uden bidrag,0.0
2025-04,462,A-indkomst uden bidrag,0.0
2025-05,462,A-indkomst uden bidrag,0.0
2025-06,462,A-indkomst uden bidrag,0.0
2025-07,462,A-indkomst uden bidrag,0.0
2025-08,462,A-indkomst uden bidrag,0.0
2025-09,462,A-indkomst uden bidrag,0.0
2025-10,462,A-indkomst uden bidrag,0.0
2025-11,462,A-indkomst uden bidrag,0.0
2025-12,462,A-indkomst uden bidrag,0.0
2025-01,207,A-indkomst uden bidrag,0.0
2025-02,207,A-indkomst uden bidrag,0.0
2025-03,207,A-indkomst uden bidrag,0.0
2025-04,207,A-indkomst uden bidrag,0.0
2025-05,207,A-indkomst uden bidrag,0.0
2025-06,207,A-indkomst uden bidrag,0.0
2025-07,207,A-indkomst uden bidrag,0.0
2025-08,207,A-indkomst uden bidrag,0.0
2025-09,207,A-indkomst uden bidrag,0.0
2025-10,207,A-indkomst uden bidrag,0.0
2025-11,207,A-indkomst uden bidrag,0.0
2025-12,207,A-indkomst uden bidrag,0.0
2025-01,414,A-indkomst uden bidrag,0.0
2025-02,414,A-indkomst uden bidrag,0.0
2025-03,414,A-indkomst uden bidrag,0.0
2025-04,414,A-indkomst uden bidrag,0.0
2025-05,414,A-indkomst uden bidrag,0.0
2025-06,414,A-indkomst uden bidrag,0.0
2025-07,414,A-indkomst uden bidrag,0.0
2025-08,414,A-indkomst uden bidrag,0.0
2025-09,414,A-indkomst uden bidrag,0.0
2025-10,414,A-indkomst uden bidrag,0.0
2025-11,414,A-indkomst uden bidrag,0.0
2025-12,414,A-indkomst uden bidrag,0.0
2025-01,392,A-indkomst uden bidrag,0.0
2025-02,392,A-indkomst uden bidrag,0.0
2025-03,392,A-indkomst uden bidrag,0.0
2025-04,392,A-indkomst uden bidrag,0.0
2025-05,392,A-indkomst uden bidrag,0.0
2025-06,392,A-indkomst uden bidrag,0.0
2025-07,392,A-indkomst uden bidrag,0.0
2025-08,392,A-indkomst uden bidrag,0.0
2025-09,392,A-indkomst uden bidrag,0.0
2025-10,392,A-indkomst uden bidrag,0.0
2025-11,392,A-indkomst uden bidrag,0.0
2025-12,392,A-indkomst uden bidrag,0.0
2025-01,265,A-skat,40500.0
2025-02,265,A-skat,40500.0
2025-03,265,A-skat,40500.0
2025-04,265,A-skat,40500.0
2025-05,265,A-skat,40500.0
2025-06,265,A-skat,40500.0
2025-07,265,A-skat,40500.0
2025-08,265,A-skat,40500.0
2025-09,265,A-skat,40500.0
2025-10,265,A-skat,40500.0
2025-11,265,A-skat,40500.0
2025-12,265,A-skat,40500.0
2025-01,530,A-skat,39480.0
2025-02,530,A-skat,39480.0
2025-03,530,A-skat,39480.0
2025-04,530,A-skat,39480.0
2025-05,530,A-skat,39480.0
2025-06,530,A-skat,39480.0
2025-07,530,A-skat,39480.0
2025-08,530,A-skat,39480.0
2025-09,530,A-skat,39480.0
2025-10,530,A-skat,39480.0
2025-11,530,A-skat,39480.0
2025-12,530,A-skat,39480.0
2025-01,130,A-skat,28110.0
2025-02,130,A-skat,28110.0
2025-03,130,A-skat,28110.0
2025-04,130,A-skat,28110.0
2025-05,130,A-skat,28110.0
2025-06,130,A-skat,28110.0
2025-07,130,A-skat,28110.0
2025-08,130,A-skat,28110.0
2025-09,130,A-skat,28110.0
2025-10,130,A-skat,28110.0
2025-11,130,A-skat,28110.0
2025-12,130,A-skat,28110.0
2025-01,167,A-skat,26640.0
2025-02,167,A-skat,26640.0
2025-03,167,A-skat,26640.0
2025-04,167,A-skat,26640.0
2025-05,167,A-skat,26640.0
2025-06,167,A-skat,26640.0
2025-07,167,A-skat,26640.0
2025-08,167,A-skat,26640.0
2025-09,167,A-skat,26640.0
2025-10,167,A-skat,26640.0
2025-11,167,A-skat,26640.0
2025-12,167,A-skat,26640.0
2025-01,849,A-skat,25410.0
2025-02,849,A-skat,25410.0
2025-03,849,A-skat,25410.0
2025-04,849,A-skat,25410.0
2025-05,849,A-skat,25410.0
2025-06,849,A-skat,25410.0
2025-07,849,A-skat,25410.0
2025-08,849,A-skat,25410.0
2025-09,849,A-skat,25410.0
2025-10,849,A-skat,25410.0
2025-11,849,A-skat,25410.0
2025-12,849,A-skat,25410.0
2025-01,983,A-skat,24870.0
2025-02,983,A-skat,24870.0
2025-03,983,A-skat,24870.0
2025-04,983,A-skat,24870.0
2025-05,983,A-skat,24870.0
2025-06,983,A-skat,24870.0
2025-07,983,A-skat,24870.0
2025-08,983,A-skat,24870.0
2025-09,983,A-skat,24870.0
2025-10,983,A-skat,24870.0
2025-11,983,A-skat,24870.0
2025-12,983,A-skat,24870.0
2025-01,462,A-skat,18690.0
2025-02,462,A-skat,18690.0
2025-03,462,A-skat,18690.0
2025-04,462,A-skat,18690.0
2025-05,462,A-skat,18690.0
2025-06,462,A-skat,18690.0
2025-07,462,A-skat,18690.0
2025-08,462,A-skat,18690.0
2025-09,462,A-skat,18690.0
2025-10,462,A-skat,18690.0
2025-11,462,A-skat,18690.0
2025-12,462,A-skat,18690.0
2025-01,207,A-skat,17910.0
2025-02,207,A-skat,17910.0
2025-03,207,A-skat,17910.0
2025-04,207,A-skat,17910.0
2025-05,207,A-skat,17910.0
2025-06,207,A-skat,17910.0
2025-07,207,A-skat,17910.0
2025-08,207,A-skat,17910.0
2025-09,207,A-skat,17910.0
2025-10,207,A-skat,17910.0
2025-11,207,A-skat,17910.0
2025-12,207,A-skat,17910.0
2025-01,414,A-skat,17910.0
2025-02,414,A-skat,17910.0
2025-03,414,A-skat,17910.0
2025-04,414,A-skat,17910.0
2025-05,414,A-skat,17910.0
2025-06,414,A-skat,17910.0
2025-07,414,A-skat,17910.0
2025-08,414,A-skat,17910.0
2025-09,414,A-skat,17910.0
2025-10,414,A-skat,17910.0
2025-11,414,A-skat,17910.0
2025-12,414,A-skat,17910.0
2025-01,392,A-skat,16110.0
2025-02,392,A-skat,16110.0
2025-03,392,A-skat,16110.0
2025-04,392,A-skat,16110.0
2025-05,392,A-skat,16110.0
2025-06,392,A-skat,16110.0
2025-07,392,A-skat,16110.0
2025-08,392,A-skat,16110.0
2025-09,392,A-skat,16110.0
2025-10,392,A-skat,16110.0
2025-11,392,A-skat,16110.0
2025-12,392,A-skat,16110.0
2025-01,265,AM-bidrag,10800.0
2025-02,265,AM-bidrag,10800.0
2025-03,265,AM-bidrag,10800.0
2025-04,265,AM-bidrag,10800.0
2025-05,265,AM-bidrag,10800.0
2025-06,265,AM-bidrag,10800.0
2025-07,265,AM-bidrag,10800.0
2025-08,265,AM-bidrag,10800.0
2025-09,265,AM-bidrag,10800.0
2025-10,265,AM-bidrag,10800.0
2025-11,265,AM-bidrag,10800.0
2025-12,265,AM-bidrag,10800.0
2025-01,530,AM-bidrag,10528.0
2025-02,530,AM-bidrag,10528.0
2025-03,530,AM-bidrag,10528.0
2025-04,530,AM-bidrag,10528.0
2025-05,530,AM-bidrag,10528.0
2025-06,530,AM-bidrag,10528.0
2025-07,530,AM-bidrag,10528.0
2025-08,530,AM-bidrag,10528.0
2025-09,530,AM-bidrag,10528.0
2025-10,530,AM-bidrag,10528.0
2025-11,530,AM-bidrag,10528.0
2025-12,530,AM-bidrag,10528.0
2025-01,130,AM-bidrag,7496.0
2025-02,130,AM-bidrag,7496.0
2025-03,130,AM-bidrag,7496.0
2025-04,130,AM-bidrag,7496.0
2025-05,130,AM-bidrag,7496.0
2025-06,130,AM-bidrag,7496.0
2025-07,130,AM-bidrag,7496.0
2025-08,130,AM-bidrag,7496.0
2025-09,130,AM-bidrag,7496.0
2025-10,130,AM-bidrag,7496.0
2025-11,130,AM-bidrag,7496.0
2025-12,130,AM-bidrag,7496.0
2025-01,167,AM-bidrag,7104.0
2025-02,167,AM-bidrag,7104.0
2025-03,167,AM-bidrag,7104.0
2025-04,167,AM-bidrag,7104.0
2025-05,167,AM-bidrag,7104.0
2025-06,167,AM-bidrag,7104.0
2025-07,167,AM-bidrag,7104.0
2025-08,167,AM-bidrag,7104.0
2025-09,167,AM-bidrag,7104.0
2025-10,167,AM-bidrag,7104.0
2025-11,167,AM-bidrag,7104.0
2025-12,167,AM-bidrag,7104.0
2025-01,849,AM-bidrag,6776.0
2025-02,849,AM-bidrag,6776.0
2025-03,849,AM-bidrag,6776.0
2025-04,849,AM-bidrag,6776.0
2025-05,849,AM-bidrag,6776.0
2025-06,849,AM-bidrag,6776.0
2025-07,849,AM-bidrag,6776.0
2025-08,849,AM-bidrag,6776.0
2025-09,849,AM-bidrag,6776.0
2025-10,849,AM-bidrag,6776.0
2025-11,849,AM-bidrag,6776.0
2025-12,849,AM-bidrag,6776.0
2025-01,983,AM-bidrag,6632.0
2025-02,983,AM-bidrag,6632.0
2025-03,983,AM-bidrag,6632.0
2025-04,983,AM-bidrag,6632.0
2025-05,983,AM-bidrag,6632.0
2025-06,983,AM-bidrag,6632.0
2025-07,983,AM-bidrag,6632.0
2025-08,983,AM-bidrag,6632.0
2025-09,983,AM-bidrag,6632.0
2025-10,983,AM-bidrag,6632.0
2025-11,983,AM-bidrag,6632.0
2025-12,983,AM-bidrag,6632.0
2025-01,462,AM-bidrag,4984.0
2025-02,462,AM-bidrag,4984.0
2025-03,462,AM-bidrag,4984.0
2025-04,462,AM-bidrag,4984.0
2025-05,462,AM-bidrag,4984.0
2025-06,462,AM-bidrag,4984.0
2025-07,462,AM-bidrag,4984.0
2025-08,462,AM-bidrag,4984.0
2025-09,462,AM-bidrag,4984.0
2025-10,462,AM-bidrag,4984.0
2025-11,462,AM-bidrag,4984.0
2025-12,462,AM-bidrag,4984.0
2025-01,207,AM-bidrag,4776.0
2025-02,207,AM-bidrag,4776.0
2025-03,207,AM-bidrag,4776.0
2025-04,207,AM-bidrag,4776.0
2025-05,207,AM-bidrag,4776.0
2025-06,207,AM-bidrag,4776.0
2025-07,207,AM-bidrag,4776.0
2025-08,207,AM-bidrag,4776.0
2025-09,207,AM-bidrag,4776.0
2025-10,207,AM-bidrag,4776.0
2025-11,207,AM-bidrag,4776.0
2025-12,207,AM-bidrag,4776.0
2025-01,414,AM-bidrag,4776.0
2025-02,414,AM-bidrag,4776.0
2025-03,414,AM-bidrag,4776.0
2025-04,414,AM-bidrag,4776.0
2025-05,414,AM-bidrag,4776.0
2025-06,414,AM-bidrag,4776.0
2025-07,414,AM-bidrag,4776.0
2025-08,414,AM-bidrag,4776.0
2025-09,414,AM-bidrag,4776.0
2025-10,414,AM-bidrag,4776.0
2025-11,414,AM-bidrag,4776.0
2025-12,414,AM-bidrag,4776.0
2025-01,392,AM-bidrag,4296.0
2025-02,392,AM-bidrag,4296.0
2025-03,392,AM-bidrag,4296.0
2025-04,392,AM-bidrag,4296.0
2025-05,392,AM-bidrag,4296.0
2025-06,392,AM-bidrag,4296.0
2025-07,392,AM-bidrag,4296.0
2025-08,392,AM-bidrag,4296.0
2025-09,392,AM-bidrag,4296.0
2025-10,392,AM-bidrag,4296.0
2025-11,392,AM-bidrag,4296.0
2025-12,392,AM-bidrag,4296.0
2025-01,265,Fri bil,8100.0
2025-02,265,Fri bil,8100.0
2025-03,265,Fri bil,8100.0
2025-04,265,Fri bil,8100.0
2025-05,265,Fri bil,8100.0
2025-06,265,Fri bil,8100.0
2025-07,265,Fri bil,8100.0
2025-08,265,Fri bil,8100.0
2025-09,265,Fri bil,8100.0
2025-10,265,Fri bil,8100.0
2025-11,265,Fri bil,8100.0
2025-12,265,Fri bil,8100.0
2025-01,530,Fri bil,7896.0
2025-02,530,Fri bil,7896.0
2025-03,530,Fri bil,7896.0
2025-04,530,Fri bil,7896.0
2025-05,530,Fri bil,7896.0
2025-06,530,Fri bil,7896.0
2025-07,530,Fri bil,7896.0
2025-08,530,Fri bil,7896.0
2025-09,530,Fri bil,7896.0
2025-10,530,Fri bil,7896.0
2025-11,530,Fri bil,7896.0
2025-12,530,Fri bil,7896.0
2025-01,130,Fri bil,5622.0
2025-02,130,Fri bil,5622.0
2025-03,130,Fri bil,5622.0
2025-04,130,Fri bil,5622.0
2025-05,130,Fri bil,5622.0
2025-06,130,Fri bil,5622.0
2025-07,130,Fri bil,5622.0
2025-08,130,Fri bil,5622.0
2025-09,130,Fri bil,5622.0
2025-10,130,Fri bil,5622.0
2025-11,130,Fri bil,5622.0
2025-12,130,Fri bil,5622.0
2025-01,167,Fri bil,5328.0
2025-02,167,Fri bil,5328.0
2025-03,167,Fri bil,5328.0
2025-04,167,Fri bil,5328.0
2025-05,167,Fri bil,5328.0
2025-06,167,Fri bil,5328.0
2025-07,167,Fri bil,5328.0
2025-08,167,Fri bil,5328.0
2025-09,167,Fri bil,5328.0
2025-10,167,Fri bil,5328.0
2025-11,167,Fri bil,5328.0
2025-12,167,Fri bil,5328.0
2025-01,849,Fri bil,5082.0
2025-02,849,Fri bil,5082.0
2025-03,849,Fri bil,5082.0
2025-04,849,Fri bil,5082.0
2025-05,849,Fri bil,5082.0
2025-06,849,Fri bil,5082.0
2025-07,849,Fri bil,5082.0
2025-08,849,Fri bil,5082.0
2025-09,849,Fri bil,5082.0
2025-10,849,Fri bil,5082.0
2025-11,849,Fri bil,5082.0
2025-12,849,Fri bil,5082.0
2025-01,983,Fri bil,4974.0
2025-02,983,Fri bil,4974.0
2025-03,983,Fri bil,4974.0
2025-04,983,Fri bil,4974.0
2025-05,983,Fri bil,4974.0
2025-06,983,Fri bil,4974.0
2025-07,983,Fri bil,4974.0
2025-08,983,Fri bil,4974.0
2025-09,983,Fri bil,4974.0
2025-10,983,Fri bil,4974.0
2025-11,983,Fri bil,4974.0
2025-12,983,Fri bil,4974.0
2025-01,462,Fri bil,3738.0
2025-02,462,Fri bil,3738.0
2025-03,462,Fri bil,3738.0
2025-04,462,Fri bil,3738.0
2025-05,462,Fri bil,3738.0
2025-06,462,Fri bil,3738.0
2025-07,462,Fri bil,3738.0
2025-08,462,Fri bil,3738.0
2025-09,462,Fri bil,3738.0
2025-10,462,Fri bil,3738.0
2025-11,462,Fri bil,3738.0
2025-12,462,Fri bil,3738.0
2025-01,207,Fri bil,3582.0
2025-02,207,Fri bil,3582.0
2025-03,207,Fri bil,3582.0
2025-04,207,Fri bil,3582.0
2025-05,207,Fri bil,3582.0
2025-06,207,Fri bil,3582.0
2025-07,207,Fri bil,3582.0
2025-08,207,Fri bil,3582.0
2025-09,207,Fri bil,3582.0
2025-10,207,Fri bil,3582.0
2025-11,207,Fri bil,3582.0
2025-12,207,Fri bil,3582.0
2025-01,414,Fri bil,3582.0
2025-02,414,Fri bil,3582.0
2025-03,414,Fri bil,3582.0
2025-04,414,Fri bil,3582.0
2025-05,414,Fri bil,3582.0
2025-06,414,Fri bil,3582.0
2025-07,414,Fri bil,3582.0
2025-08,414,Fri bil,3582.0
2025-09,414,Fri bil,3582.0
2025-10,414,Fri bil,3582.0
2025-11,414,Fri bil,3582.0
2025-12,414,Fri bil,3582.0
2025-01,392,Fri bil,3222.0
2025-02,392,Fri bil,3222.0
2025-03,392,Fri bil,3222.0
2025-04,392,Fri bil,3222.0
2025-05,392,Fri bil,3222.0
2025-06,392,Fri bil,3222.0
2025-07,392,Fri bil,3222.0
2025-08,392,Fri bil,3222.0
2025-09,392,Fri bil,3222.0
2025-10,392,Fri bil,3222.0
2025-11,392,Fri bil,3222.0
2025-12,392,Fri bil,3222.0
2025-01,265,Fri telefon,275.0
2025-02,265,Fri telefon,275.0
2025-03,265,Fri telefon,275.0
2025-04,265,Fri telefon,275.0
2025-05,265,Fri telefon,275.0
2025-06,265,Fri telefon,275.0
2025-07,265,Fri telefon,275.0
2025-08,265,Fri telefon,275.0
2025-09,265,Fri telefon,275.0
2025-10,265,Fri telefon,275.0
2025-11,265,Fri telefon,275.0
2025-12,265,Fri telefon,275.0
2025-01,530,Fri telefon,275.0
2025-02,530,Fri telefon,275.0
2025-03,530,Fri telefon,275.0
2025-04,530,Fri telefon,275.0
2025-05,530,Fri telefon,275.0
2025-06,530,Fri telefon,275.0
2025-07,530,Fri telefon,275.0
2025-08,530,Fri telefon,275.0
2025-09,530,Fri telefon,275.0
2025-10,530,Fri telefon,275.0
2025-11,530,Fri telefon,275.0
2025-12,530,Fri telefon,275.0
2025-01,130,Fri telefon,275.0
2025-02,130,Fri telefon,275.0
2025-03,130,Fri telefon,275.0
2025-04,130,Fri telefon,275.0
2025-05,130,Fri telefon,275.0
2025-06,130,Fri telefon,275.0
2025-07,130,Fri telefon,275.0
2025-08,130,Fri telefon,275.0
2025-09,130,Fri telefon,275.0
2025-10,130,Fri telefon,275.0
2025-11,130,Fri telefon,275.0
2025-12,130,Fri telefon,275.0
2025-01,167,Fri telefon,275.0
2025-02,167,Fri telefon,275.0
2025-03,167,Fri telefon,275.0
2025-04,167,Fri telefon,275.0
2025-05,167,Fri telefon,275.0
2025-06,167,Fri telefon,275.0
2025-07,167,Fri telefon,275.0
2025-08,167,Fri telefon,275.0
2025-09,167,Fri telefon,275.0
2025-10,167,Fri telefon,275.0
2025-11,167,Fri telefon,275.0
2025-12,167,Fri telefon,275.0
2025-01,849,Fri telefon,275.0
2025-02,849,Fri telefon,275.0
2025-03,849,Fri telefon,275.0
2025-04,849,Fri telefon,275.0
2025-05,849,Fri telefon,275.0
2025-06,849,Fri telefon,275.0
2025-07,849,Fri telefon,275.0
2025-08,849,Fri telefon,275.0
2025-09,849,Fri telefon,275.0
2025-10,849,Fri telefon,275.0
2025-11,849,Fri telefon,275.0
2025-12,849,Fri telefon,275.0
2025-01,983,Fri telefon,275.0
2025-02,983,Fri telefon,275.0
2025-03,983,Fri telefon,275.0
2025-04,983,Fri telefon,275.0
2025-05,983,Fri telefon,275.0
2025-06,983,Fri telefon,275.0
2025-07,983,Fri telefon,275.0
2025-08,983,Fri telefon,275.0
2025-09,983,Fri telefon,275.0
2025-10,983,Fri telefon,275.0
2025-11,983,Fri telefon,275.0
2025-12,983,Fri telefon,275.0
2025-01,462,Fri telefon,275.0
2025-02,462,Fri telefon,275.0
2025-03,462,Fri telefon,275.0
2025-04,462,Fri telefon,275.0
2025-05,462,Fri telefon,275.0
2025-06,462,Fri telefon,275.0
2025-07,462,Fri telefon,275.0
2025-08,462,Fri telefon,275.0
2025-09,462,Fri telefon,275.0
2025-10,462,Fri telefon,275.0
2025-11,462,Fri telefon,275.0
2025-12,462,Fri telefon,275.0
2025-01,207,Fri telefon,275.0
2025-02,207,Fri telefon,275.0
2025-03,207,Fri telefon,275.0
2025-04,207,Fri telefon,275.0
2025-05,207,Fri telefon,275.0
2025-06,207,Fri telefon,275.0
2025-07,207,Fri telefon,275.0
2025-08,207,Fri telefon,275.0
2025-09,207,Fri telefon,275.0
2025-10,207,Fri telefon,275.0
2025-11,207,Fri telefon,275.0
2025-12,207,Fri telefon,275.0
2025-01,414,Fri telefon,275.0
2025-02,414,Fri telefon,275.0
2025-03,414,Fri telefon,275.0
2025-04,414,Fri telefon,275.0
2025-05,414,Fri telefon,275.0
2025-06,414,Fri telefon,275.0
2025-07,414,Fri telefon,275.0
2025-08,414,Fri telefon,275.0
2025-09,414,Fri telefon,275.0
2025-10,414,Fri telefon,275.0
2025-11,414,Fri telefon,275.0
2025-12,414,Fri telefon,275.0
2025-01,392,Fri telefon,275.0
2025-02,392,Fri telefon,275.0
2025-03,392,Fri telefon,275.0
2025-04,392,Fri telefon,275.0
2025-05,392,Fri telefon,275.0
2025-06,392,Fri telefon,275.0
2025-07,392,Fri telefon,275.0
2025-08,392,Fri telefon,275.0
2025-09,392,Fri telefon,275.0
2025-10,392,Fri telefon,275.0
2025-11,392,Fri telefon,275.0
2025-12,392,Fri telefon,275.0
2025-01,265,Sundhedsforsikring,44.0
2025-02,265,Sundhedsforsikring,44.0
2025-03,265,Sundhedsforsikring,44.0
2025-04,265,Sundhedsforsikring,44.0
2025-05,265,Sundhedsforsikring,44.0
2025-06,265,Sundhedsforsikring,44.0
2025-07,265,Sundhedsforsikring,44.0
2025-08,265,Sundhedsforsikring,44.0
2025-09,265,Sundhedsforsikring,44.0
2025-10,265,Sundhedsforsikring,44.0
2025-11,265,Sundhedsforsikring,44.0
2025-12,265,Sundhedsforsikring,44.0
2025-01,530,Sundhedsforsikring,44.0
2025-02,530,Sundhedsforsikring,44.0
2025-03,530,Sundhedsforsikring,44.0
2025-04,530,Sundhedsforsikring,44.0
2025-05,530,Sundhedsforsikring,44.0
2025-06,530,Sundhedsforsikring,44.0
2025-07,530,Sundhedsforsikring,44.0
2025-08,530,Sundhedsforsikring,44.0
2025-09,530,Sundhedsforsikring,44.0
2025-10,530,Sundhedsforsikring,44.0
2025-11,530,Sundhedsforsikring,44.0
2025-12,530,Sundhedsforsikring,44.0
2025-01,130,Sundhedsforsikring,44.0
2025-02,130,Sundhedsforsikring,44.0
2025-03,130,Sundhedsforsikring,44.0
2025-04,130,Sundhedsforsikring,44.0
2025-05,130,Sundhedsforsikring,44.0
2025-06,130,Sundhedsforsikring,44.0
2025-07,130,Sundhedsforsikring,44.0
2025-08,130,Sundhedsforsikring,44.0
2025-09,130,Sundhedsforsikring,44.0
2025-10,130,Sundhedsforsikring,44.0
2025-11,130,Sundhedsforsikring,44.0
2025-12,130,Sundhedsforsikring,44.0
2025-01,167,Sundhedsforsikring,44.0
2025-02,167,Sundhedsforsikring,44.0
2025-03,167,Sundhedsforsikring,44.0
2025-04,167,Sundhedsforsikring,44.0
2025-05,167,Sundhedsforsikring,44.0
2025-06,167,Sundhedsforsikring,44.0
2025-07,167,Sundhedsforsikring,44.0
2025-08,167,Sundhedsforsikring,44.0
2025-09,167,Sundhedsforsikring,44.0
2025-10,167,Sundhedsforsikring,44.0
2025-11,167,Sundhedsforsikring,44.0
2025-12,167,Sundhedsforsikring,44.0
2025-01,849,Sundhedsforsikring,44.0
2025-02,849,Sundhedsforsikring,44.0
2025-03,849,Sundhedsforsikring,44.0
2025-04,849,Sundhedsforsikring,44.0
2025-05,849,Sundhedsforsikring,44.0
2025-06,849,Sundhedsforsikring,44.0
2025-07,849,Sundhedsforsikring,44.0
2025-08,849,Sundhedsforsikring,44.0
2025-09,849,Sundhedsforsikring,44.0
2025-10,849,Sundhedsforsikring,44.0
2025-11,849,Sundhedsforsikring,44.0
2025-12,849,Sundhedsforsikring,44.0
2025-01,983,Sundhedsforsikring,44.0
2025-02,983,Sundhedsforsikring,44.0
2025-03,983,Sundhedsforsikring,44.0
2025-04,983,Sundhedsforsikring,44.0
2025-05,983,Sundhedsforsikring,44.0
2025-06,983,Sundhedsforsikring,44.0
2025-07,983,Sundhedsforsikring,44.0
2025-08,983,Sundhedsforsikring,44.0
2025-09,983,Sundhedsforsikring,44.0
2025-10,983,Sundhedsforsikring,44.0
2025-11,983,Sundhedsforsikring,44.0
2025-12,983,Sundhedsforsikring,44.0
2025-01,462,Sundhedsforsikring,44.0
2025-02,462,Sundhedsforsikring,44.0
2025-03,462,Sundhedsforsikring,44.0
2025-04,462,Sundhedsforsikring,44.0
2025-05,462,Sundhedsforsikring,44.0
2025-06,462,Sundhedsforsikring,44.0
2025-07,462,Sundhedsforsikring,44.0
2025-08,462,Sundhedsforsikring,44.0
2025-09,462,Sundhedsforsikring,44.0
2025-10,462,Sundhedsforsikring,44.0
2025-11,462,Sundhedsforsikring,44.0
2025-12,462,Sundhedsforsikring,44.0
2025-01,207,Sundhedsforsikring,44.0
2025-02,207,Sundhedsforsikring,44.0
2025-03,207,Sundhedsforsikring,44.0
2025-04,207,Sundhedsforsikring,44.0
2025-05,207,Sundhedsforsikring,44.0
2025-06,207,Sundhedsforsikring,44.0
2025-07,207,Sundhedsforsikring,44.0
2025-08,207,Sundhedsforsikring,44.0
2025-09,207,Sundhedsforsikring,44.0
2025-10,207,Sundhedsforsikring,44.0
2025-11,207,Sundhedsforsikring,44.0
2025-12,207,Sundhedsforsikring,44.0
2025-01,414,Sundhedsforsikring,44.0
2025-02,414,Sundhedsforsikring,44.0
2025-03,414,Sundhedsforsikring,44.0
2025-04,414,Sundhedsforsikring,44.0
2025-05,414,Sundhedsforsikring,44.0
2025-06,414,Sundhedsforsikring,44.0
2025-07,414,Sundhedsforsikring,44.0
2025-08,414,Sundhedsforsikring,44.0
2025-09,414,Sundhedsforsikring,44.0
2025-10,414,Sundhedsforsikring,44.0
2025-11,414,Sundhedsforsikring,44.0
2025-12,414,Sundhedsforsikring,44.0
2025-01,392,Sundhedsforsikring,44.0
2025-02,392,Sundhedsforsikring,44.0
2025-03,392,Sundhedsforsikring,44.0
2025-04,392,Sundhedsforsikring,44.0
2025-05,392,Sundhedsforsikring,44.0
2025-06,392,Sundhedsforsikring,44.0
2025-07,392,Sundhedsforsikring,44.0
2025-08,392,Sundhedsforsikring,44.0
2025-09,392,Sundhedsforsikring,44.0
2025-10,392,Sundhedsforsikring,44.0
2025-11,392,Sundhedsforsikring,44.0
2025-12,392,Sundhedsforsikring,44.0
2025-01,265,B-indkomst med bidrag,0.0
2025-02,265,B-indkomst med bidrag,0.0
2025-03,265,B-indkomst med bidrag,0.0
2025-04,265,B-indkomst med bidrag,0.0
2025-05,265,B-indkomst med bidrag,0.0
2025-06,265,B-indkomst med bidrag,0.0
2025-07,265,B-indkomst med bidrag,0.0
2025-08,265,B-indkomst med bidrag,0.0
2025-09,265,B-indkomst med bidrag,0.0
2025-10,265,B-indkomst med bidrag,0.0
2025-11,265,B-indkomst med bidrag,0.0
2025-12,265,B-indkomst med bidrag,0.0
2025-01,530,B-indkomst med bidrag,0.0
2025-02,530,B-indkomst med bidrag,0.0
2025-03,530,B-indkomst med bidrag,0.0
2025-04,530,B-indkomst med bidrag,0.0
2025-05,530,B-indkomst med bidrag,0.0
2025-06,530,B-indkomst med bidrag,0.0
2025-07,530,B-indkomst med bidrag,0.0
2025-08,530,B-indkomst med bidrag,0.0
2025-09,530,B-indkomst med bidrag,0.0
2025-10,530,B-indkomst med bidrag,0.0
2025-11,530,B-indkomst med bidrag,0.0
2025-12,530,B-indkomst med bidrag,0.0
2025-01,130,B-indkomst med bidrag,0.0
2025-02,130,B-indkomst med bidrag,0.0
2025-03,130,B-indkomst med bidrag,0.0
2025-04,130,B-indkomst med bidrag,0.0
2025-05,130,B-indkomst med bidrag,0.0
2025-06,130,B-indkomst med bidrag,0.0
2025-07,130,B-indkomst med bidrag,0.0
2025-08,130,B-indkomst med bidrag,0.0
2025-09,130,B-indkomst med bidrag,0.0
2025-10,130,B-indkomst med bidrag,0.0
2025-11,130,B-indkomst med bidrag,0.0
2025-12,130,B-indkomst med bidrag,0.0
2025-01,167,B-indkomst med bidrag,0.0
2025-02,167,B-indkomst med bidrag,0.0
2025-03,167,B-indkomst med bidrag,0.0
2025-04,167,B-indkomst med bidrag,0.0
2025-05,167,B-indkomst med bidrag,0.0
2025-06,167,B-indkomst med bidrag,0.0
2025-07,167,B-indkomst med bidrag,0.0
2025-08,167,B-indkomst med bidrag,0.0
2025-09,167,B-indkomst med bidrag,0.0
2025-10,167,B-indkomst med bidrag,0.0
2025-11,167,B-indkomst med bidrag,0.0
2025-12,167,B-indkomst med bidrag,0.0
2025-01,849,B-indkomst med bidrag,0.0
2025-02,849,B-indkomst med bidrag,0.0
2025-03,849,B-indkomst med bidrag,0.0
2025-04,849,B-indkomst med bidrag,0.0
2025-05,849,B-indkomst med bidrag,0.0
2025-06,849,B-indkomst med bidrag,0.0
2025-07,849,B-indkomst med bidrag,0.0
2025-08,849,B-indkomst med bidrag,0.0
2025-09,849,B-indkomst med bidrag,0.0
2025-10,849,B-indkomst med bidrag,0.0
2025-11,849,B-indkomst med bidrag,0.0
2025-12,849,B-indkomst med bidrag,0.0
2025-01,983,B-indkomst med bidrag,0.0
2025-02,983,B-indkomst med bidrag,0.0
2025-03,983,B-indkomst med bidrag,0.0
2025-04,983,B-indkomst med bidrag,0.0
2025-05,983,B-indkomst med bidrag,0.0
2025-06,983,B-indkomst med bidrag,0.0
2025-07,983,B-indkomst med bidrag,0.0
2025-08,983,B-indkomst med bidrag,0.0
2025-09,983,B-indkomst med bidrag,0.0
2025-10,983,B-indkomst med bidrag,0.0
2025-11,983,B-indkomst med bidrag,0.0
2025-12,983,B-indkomst med bidrag,0.0
2025-01,462,B-indkomst med bidrag,0.0
2025-02,462,B-indkomst med bidrag,0.0
2025-03,462,B-indkomst med bidrag,0.0
2025-04,462,B-indkomst med bidrag,0.0
2025-05,462,B-indkomst med bidrag,0.0
2025-06,462,B-indkomst med bidrag,0.0
2025-07,462,B-indkomst med bidrag,0.0
2025-08,462,B-indkomst med bidrag,0.0
2025-09,462,B-indkomst med bidrag,0.0
2025-10,462,B-indkomst med bidrag,0.0
2025-11,462,B-indkomst med bidrag,0.0
2025-12,462,B-indkomst med bidrag,0.0
2025-01,207,B-indkomst med bidrag,0.0
2025-02,207,B-indkomst med bidrag,0.0
2025-03,207,B-indkomst med bidrag,0.0
2025-04,207,B-indkomst med bidrag,0.0
2025-05,207,B-indkomst med bidrag,0.0
2025-06,207,B-indkomst med bidrag,0.0
2025-07,207,B-indkomst med bidrag,0.0
2025-08,207,B-indkomst med bidrag,0.0
2025-09,207,B-indkomst med bidrag,0.0
2025-10,207,B-indkomst med bidrag,0.0
2025-11,207,B-indkomst med bidrag,0.0
2025-12,207,B-indkomst med bidrag,0.0
2025-01,414,B-indkomst med bidrag,0.0
2025-02,414,B-indkomst med bidrag,0.0
2025-03,414,B-indkomst med bidrag,0.0
2025-04,414,B-indkomst med bidrag,0.0
2025-05,414,B-indkomst med bidrag,0.0
2025-06,414,B-indkomst med bidrag,0.0
2025-07,414,B-indkomst med bidrag,0.0
2025-08,414,B-indkomst med bidrag,0.0
2025-09,414,B-indkomst med bidrag,0.0
2025-10,414,B-indkomst med bidrag,0.0
2025-11,414,B-indkomst med bidrag,0.0
2025-12,414,B-indkomst med bidrag,0.0
2025-01,392,B-indkomst med bidrag,0.0
2025-02,392,B-indkomst med bidrag,0.0
2025-03,392,B-indkomst med bidrag,0.0
2025-04,392,B-indkomst med bidrag,0.0
2025-05,392,B-indkomst med bidrag,0.0
2025-06,392,B-indkomst med bidrag,0.0
2025-07,392,B-indkomst med bidrag,0.0
2025-08,392,B-indkomst med bidrag,0.0
2025-09,392,B-indkomst med bidrag,0.0
2025-10,392,B-indkomst med bidrag,0.0
2025-11,392,B-indkomst med bidrag,0.0
2025-12,392,B-indkomst med bidrag,0.0
2025-01,265,ATP-bidrag,297.0
2025-02,265,ATP-bidrag,297.0
2025-03,265,ATP-bidrag,297.0
2025-04,265,ATP-bidrag,297.0
2025-05,265,ATP-bidrag,297.0
2025-06,265,ATP-bidrag,297.0
2025-07,265,ATP-bidrag,297.0
2025-08,265,ATP-bidrag,297.0
2025-09,265,ATP-bidrag,297.0
2025-10,265,ATP-bidrag,297.0
2025-11,265,ATP-bidrag,297.0
2025-12,265,ATP-bidrag,297.0
2025-01,530,ATP-bidrag,297.0
2025-02,530,ATP-bidrag,297.0
2025-03,530,ATP-bidrag,297.0
2025-04,530,ATP-bidrag,297.0
2025-05,530,ATP-bidrag,297.0
2025-06,530,ATP-bidrag,297.0
2025-07,530,ATP-bidrag,297.0
2025-08,530,ATP-bidrag,297.0
2025-09,530,ATP-bidrag,297.0
2025-10,530,ATP-bidrag,297.0
2025-11,530,ATP-bidrag,297.0
2025-12,530,ATP-bidrag,297.0
2025-01,130,ATP-bidrag,297.0
2025-02,130,ATP-bidrag,297.0
2025-03,130,ATP-bidrag,297.0
2025-04,130,ATP-bidrag,297.0
2025-05,130,ATP-bidrag,297.0
2025-06,130,ATP-bidrag,297.0
2025-07,130,ATP-bidrag,297.0
2025-08,130,ATP-bidrag,297.0
2025-09,130,ATP-bidrag,297.0
2025-10,130,ATP-bidrag,297.0
2025-11,130,ATP-bidrag,297.0
2025-12,130,ATP-bidrag,297.0
2025-01,167,ATP-bidrag,297.0
2025-02,167,ATP-bidrag,297.0
2025-03,167,ATP-bidrag,297.0
2025-04,167,ATP-bidrag,297.0
2025-05,167,ATP-bidrag,297.0
2025-06,167,ATP-bidrag,297.0
2025-07,167,ATP-bidrag,297.0
2025-08,167,ATP-bidrag,297.0
2025-09,167,ATP-bidrag,297.0
2025-10,167,ATP-bidrag,297.0
2025-11,167,ATP-bidrag,297.0
2025-12,167,ATP-bidrag,297.0
2025-01,849,ATP-bidrag,297.0
2025-02,849,ATP-bidrag,297.0
2025-03,849,ATP-bidrag,297.0
2025-04,849,ATP-bidrag,297.0
2025-05,849,ATP-bidrag,297.0
2025-06,849,ATP-bidrag,297.0
2025-07,849,ATP-bidrag,297.0
2025-08,849,ATP-bidrag,297.0
2025-09,849,ATP-bidrag,297.0
2025-10,849,ATP-bidrag,297.0
2025-11,849,ATP-bidrag,297.0
2025-12,849,ATP-bidrag,297.0
2025-01,983,ATP-bidrag,297.0
2025-02,983,ATP-bidrag,297.0
2025-03,983,ATP-bidrag,297.0
2025-04,983,ATP-bidrag,297.0
2025-05,983,ATP-bidrag,297.0
2025-06,983,ATP-bidrag,297.0
2025-07,983,ATP-bidrag,297.0
2025-08,983,ATP-bidrag,297.0
2025-09,983,ATP-bidrag,297.0
2025-10,983,ATP-bidrag,297.0
2025-11,983,ATP-bidrag,297.0
2025-12,983,ATP-bidrag,297.0
2025-01,462,ATP-bidrag,297.0
2025-02,462,ATP-bidrag,297.0
2025-03,462,ATP-bidrag,297.0
2025-04,462,ATP-bidrag,297.0
2025-05,462,ATP-bidrag,297.0
2025-06,462,ATP-bidrag,297.0
2025-07,462,ATP-bidrag,297.0
2025-08,462,ATP-bidrag,297.0
2025-09,462,ATP-bidrag,297.0
2025-10,462,ATP-bidrag,297.0
2025-11,462,ATP-bidrag,297.0
2025-12,462,ATP-bidrag,297.0
2025-01,207,ATP-bidrag,297.0
2025-02,207,ATP-bidrag,297.0
2025-03,207,ATP-bidrag,297.0
2025-04,207,ATP-bidrag,297.0
2025-05,207,ATP-bidrag,297.0
2025-06,207,ATP-bidrag,297.0
2025-07,207,ATP-bidrag,297.0
2025-08,207,ATP-bidrag,297.0
2025-09,207,ATP-bidrag,297.0
2025-10,207,ATP-bidrag,297.0
2025-11,207,ATP-bidrag,297.0
2025-12,207,ATP-bidrag,297.0
2025-01,414,ATP-bidrag,297.0
2025-02,414,ATP-bidrag,297.0
2025-03,414,ATP-bidrag,297.0
2025-04,414,ATP-bidrag,297.0
2025-05,414,ATP-bidrag,297.0
2025-06,414,ATP-bidrag,297.0
2025-07,414,ATP-bidrag,297.0
2025-08,414,ATP-bidrag,297.0
2025-09,414,ATP-bidrag,297.0
2025-10,414,ATP-bidrag,297.0
2025-11,414,ATP-bidrag,297.0
2025-12,414,ATP-bidrag,297.0
2025-01,392,ATP-bidrag,297.0
2025-02,392,ATP-bidrag,297.0
2025-03,392,ATP-bidrag,297.0
2025-04,392,ATP-bidrag,297.0
2025-05,392,ATP-bidrag,297.0
2025-06,392,ATP-bidrag,297.0
2025-07,392,ATP-bidrag,297.0
2025-08,392,ATP-bidrag,297.0
2025-09,392,ATP-bidrag,297.0
2025-10,392,ATP-bidrag,297.0
2025-11,392,ATP-bidrag,297.0
2025-12,392,ATP-bidrag,297.0
2025-01,265,Kørselsgodtgørelse,0.0
2025-02,265,Kørselsgodtgørelse,0.0
2025-03,265,Kørselsgodtgørelse,0.0
2025-04,265,Kørselsgodtgørelse,0.0
2025-05,265,Kørselsgodtgørelse,0.0
2025-06,265,Kørselsgodtgørelse,0.0
2025-07,265,Kørselsgodtgørelse,0.0
2025-08,265,Kørselsgodtgørelse,0.0
2025-09,265,Kørselsgodtgørelse,0.0
2025-10,265,Kørselsgodtgørelse,0.0
2025-11,265,Kørselsgodtgørelse,0.0
2025-12,265,Kørselsgodtgørelse,0.0
2025-01,530,Kørselsgodtgørelse,0.0
2025-02,530,Kørselsgodtgørelse,0.0
2025-03,530,Kørselsgodtgørelse,0.0
2025-04,530,Kørselsgodtgørelse,0.0
2025-05,530,Kørselsgodtgørelse,0.0
2025-06,530,Kørselsgodtgørelse,0.0
2025-07,530,Kørselsgodtgørelse,0.0
2025-08,530,Kørselsgodtgørelse,0.0
2025-09,530,Kørselsgodtgørelse,0.0
2025-10,530,Kørselsgodtgørelse,0.0
2025-11,530,Kørselsgodtgørelse,0.0
2025-12,530,Kørselsgodtgørelse,0.0
2025-01,130,Kørselsgodtgørelse,0.0
2025-02,130,Kørselsgodtgørelse,0.0
2025-03,130,Kørselsgodtgørelse,0.0
2025-04,130,Kørselsgodtgørelse,0.0
2025-05,130,Kørselsgodtgørelse,0.0
2025-06,130,Kørselsgodtgørelse,0.0
2025-07,130,Kørselsgodtgørelse,0.0
2025-08,130,Kørselsgodtgørelse,0.0
2025-09,130,Kørselsgodtgørelse,0.0
2025-10,130,Kørselsgodtgørelse,0.0
2025-11,130,Kørselsgodtgørelse,0.0
2025-12,130,Kørselsgodtgørelse,0.0
2025-01,167,Kørselsgodtgørelse,328.0
2025-02,167,Kørselsgodtgørelse,328.0
2025-03,167,Kørselsgodtgørelse,328.0
2025-04,167,Kørselsgodtgørelse,328.0
2025-05,167,Kørselsgodtgørelse,328.0
2025-06,167,Kørselsgodtgørelse,328.0
2025-07,167,Kørselsgodtgørelse,328.0
2025-08,167,Kørselsgodtgørelse,328.0
2025-09,167,Kørselsgodtgørelse,328.0
2025-10,167,Kørselsgodtgørelse,328.0
2025-11,167,Kørselsgodtgørelse,328.0
2025-12,167,Kørselsgodtgørelse,328.0
2025-01,849,Kørselsgodtgørelse,0.0
2025-02,849,Kørselsgodtgørelse,0.0
2025-03,849,Kørselsgodtgørelse,0.0
2025-04,849,Kørselsgodtgørelse,0.0
2025-05,849,Kørselsgodtgørelse,0.0
2025-06,849,Kørselsgodtgørelse,0.0
2025-07,849,Kørselsgodtgørelse,0.0
2025-08,849,Kørselsgodtgørelse,0.0
2025-09,849,Kørselsgodtgørelse,0.0
2025-10,849,Kørselsgodtgørelse,0.0
2025-11,849,Kørselsgodtgørelse,0.0
2025-12,849,Kørselsgodtgørelse,0.0
2025-01,983,Kørselsgodtgørelse,0.0
2025-02,983,Kørselsgodtgørelse,0.0
2025-03,983,Kørselsgodtgørelse,0.0
2025-04,983,Kørselsgodtgørelse,0.0
2025-05,983,Kørselsgodtgørelse,0.0
2025-06,983,Kørselsgodtgørelse,0.0
2025-07,983,Kørselsgodtgørelse,0.0
2025-08,983,Kørselsgodtgørelse,0.0
2025-09,983,Kørselsgodtgørelse,0.0
2025-10,983,Kørselsgodtgørelse,0.0
2025-11,983,Kørselsgodtgørelse,0.0
2025-12,983,Kørselsgodtgørelse,0.0
2025-01,462,Kørselsgodtgørelse,0.0
2025-02,462,Kørselsgodtgørelse,0.0
2025-03,462,Kørselsgodtgørelse,0.0
2025-04,462,Kørselsgodtgørelse,0.0
2025-05,462,Kørselsgodtgørelse,0.0
2025-06,462,Kørselsgodtgørelse,0.0
2025-07,462,Kørselsgodtgørelse,0.0
2025-08,462,Kørselsgodtgørelse,0.0
2025-09,462,Kørselsgodtgørelse,0.0
2025-10,462,Kørselsgodtgørelse,0.0
2025-11,462,Kørselsgodtgørelse,0.0
2025-12,462,Kørselsgodtgørelse,0.0
2025-01,207,Kørselsgodtgørelse,0.0
2025-02,207,Kørselsgodtgørelse,0.0
2025-03,207,Kørselsgodtgørelse,0.0
2025-04,207,Kørselsgodtgørelse,0.0
2025-05,207,Kørselsgodtgørelse,0.0
2025-06,207,Kørselsgodtgørelse,0.0
2025-07,207,Kørselsgodtgørelse,0.0
2025-08,207,Kørselsgodtgørelse,0.0
2025-09,207,Kørselsgodtgørelse,0.0
2025-10,207,Kørselsgodtgørelse,0.0
2025-11,207,Kørselsgodtgørelse,0.0
2025-12,207,Kørselsgodtgørelse,0.0
2025-01,414,Kørselsgodtgørelse,0.0
2025-02,414,Kørselsgodtgørelse,0.0
2025-03,414,Kørselsgodtgørelse,0.0
2025-04,414,Kørselsgodtgørelse,0.0
2025-05,414,Kørselsgodtgørelse,0.0
2025-06,414,Kørselsgodtgørelse,0.0
2025-07,414,Kørselsgodtgørelse,0.0
2025-08,414,Kørselsgodtgørelse,0.0
2025-09,414,Kørselsgodtgørelse,0.0
2025-10,414,Kørselsgodtgørelse,0.0
2025-11,414,Kørselsgodtgørelse,0.0
2025-12,414,Kørselsgodtgørelse,0.0
2025-01,392,Kørselsgodtgørelse,0.0
2025-02,392,Kørselsgodtgørelse,0.0
2025-03,392,Kørselsgodtgørelse,0.0
2025-04,392,Kørselsgodtgørelse,0.0
2025-05,392,Kørselsgodtgørelse,0.0
2025-06,392,Kørselsgodtgørelse,0.0
2025-07,392,Kørselsgodtgørelse,0.0
2025-08,392,Kørselsgodtgørelse,0.0
2025-09,392,Kørselsgodtgørelse,0.0
2025-10,392,Kørselsgodtgørelse,0.0
2025-11,392,Kørselsgodtgørelse,0.0
2025-12,392,Kørselsgodtgørelse,0.0
2025-01,265,Fradrag,0.0
2025-02,265,Fradrag,0.0
2025-03,265,Fradrag,0.0
2025-04,265,Fradrag,0.0
2025-05,265,Fradrag,8000.0
2025-06,265,Fradrag,0.0
2025-07,265,Fradrag,0.0
2025-08,265,Fradrag,0.0
2025-09,265,Fradrag,0.0
2025-10,265,Fradrag,0.0
2025-11,265,Fradrag,0.0
2025-12,265,Fradrag,0.0
2025-01,530,Fradrag,0.0
2025-02,530,Fradrag,0.0
2025-03,530,Fradrag,0.0
2025-04,530,Fradrag,0.0
2025-05,530,Fradrag,0.0
2025-06,530,Fradrag,0.0
2025-07,530,Fradrag,0.0
2025-08,530,Fradrag,0.0
2025-09,530,Fradrag,0.0
2025-10,530,Fradrag,0.0
2025-11,530,Fradrag,0.0
2025-12,530,Fradrag,8000.0
2025-01,130,Fradrag,0.0
2025-02,130,Fradrag,0.0
2025-03,130,Fradrag,0.0
2025-04,130,Fradrag,0.0
2025-05,130,Fradrag,0.0
2025-06,130,Fradrag,0.0
2025-07,130,Fradrag,0.0
2025-08,130,Fradrag,0.0
2025-09,130,Fradrag,0.0
2025-10,130,Fradrag,0.0
2025-11,130,Fradrag,0.0
2025-12,130,Fradrag,0.0
2025-01,167,Fradrag,0.0
2025-02,167,Fradrag,0.0
2025-03,167,Fradrag,0.0
2025-04,167,Fradrag,0.0
2025-05,167,Fradrag,0.0
2025-06,167,Fradrag,0.0
2025-07,167,Fradrag,0.0
2025-08,167,Fradrag,0.0
2025-09,167,Fradrag,0.0
2025-10,167,Fradrag,0.0
2025-11,167,Fradrag,0.0
2025-12,167,Fradrag,0.0
2025-01,849,Fradrag,0.0
2025-02,849,Fradrag,0.0
2025-03,849,Fradrag,0.0
2025-04,849,Fradrag,0.0
2025-05,849,Fradrag,0.0
2025-06,849,Fradrag,0.0
2025-07,849,Fradrag,0.0
2025-08,849,Fradrag,0.0
2025-09,849,Fradrag,0.0
2025-10,849,Fradrag,0.0
2025-11,849,Fradrag,0.0
2025-12,849,Fradrag,0.0
2025-01,983,Fradrag,0.0
2025-02,983,Fradrag,0.0
2025-03,983,Fradrag,0.0
2025-04,983,Fradrag,0.0
2025-05,983,Fradrag,0.0
2025-06,983,Fradrag,0.0
2025-07,983,Fradrag,0.0
2025-08,983,Fradrag,0.0
2025-09,983,Fradrag,0.0
2025-10,983,Fradrag,0.0
2025-11,983,Fradrag,0.0
2025-12,983,Fradrag,0.0
2025-01,462,Fradrag,0.0
2025-02,462,Fradrag,0.0
2025-03,462,Fradrag,0.0
2025-04,462,Fradrag,0.0
2025-05,462,Fradrag,0.0
2025-06,462,Fradrag,0.0
2025-07,462,Fradrag,0.0
2025-08,462,Fradrag,0.0
2025-09,462,Fradrag,0.0
2025-10,462,Fradrag,0.0
2025-11,462,Fradrag,0.0
2025-12,462,Fradrag,0.0
2025-01,207,Fradrag,0.0
2025-02,207,Fradrag,0.0
2025-03,207,Fradrag,0.0
2025-04,207,Fradrag,0.0
2025-05,207,Fradrag,0.0
2025-06,207,Fradrag,0.0
2025-07,207,Fradrag,0.0
2025-08,207,Fradrag,0.0
2025-09,207,Fradrag,0.0
2025-10,207,Fradrag,0.0
2025-11,207,Fradrag,0.0
2025-12,207,Fradrag,0.0
2025-01,414,Fradrag,0.0
2025-02,414,Fradrag,0.0
2025-03,414,Fradrag,0.0
2025-04,414,Fradrag,0.0
2025-05,414,Fradrag,0.0
2025-06,414,Fradrag,0.0
2025-07,414,Fradrag,0.0
2025-08,414,Fradrag,0.0
2025-09,414,Fradrag,0.0
2025-10,414,Fradrag,0.0
2025-11,414,Fradrag,0.0
2025-12,414,Fradrag,0.0
2025-01,392,Fradrag,0.0
2025-02,392,Fradrag,0.0
2025-03,392,Fradrag,0.0
2025-04,392,Fradrag,0.0
2025-05,392,Fradrag,0.0
2025-06,392,Fradrag,0.0
2025-07,392,Fradrag,0.0
2025-08,392,Fradrag,0.0
2025-09,392,Fradrag,0.0
2025-10,392,Fradrag,0.0
2025-11,392,Fradrag,0.0
2025-12,392,Fradrag,0.0
2025-01,265,Pension medarbejder,4050.0
2025-02,265,Pension medarbejder,4050.0
2025-03,265,Pension medarbejder,4050.0
2025-04,265,Pension medarbejder,4050.0
2025-05,265,Pension medarbejder,4050.0
2025-06,265,Pension medarbejder,4050.0
2025-07,265,Pension medarbejder,4050.0
2025-08,265,Pension medarbejder,4050.0
2025-09,265,Pension medarbejder,4050.0
2025-10,265,Pension medarbejder,4050.0
2025-11,265,Pension medarbejder,4050.0
2025-12,265,Pension medarbejder,4050.0
2025-01,530,Pension medarbejder,3948.0
2025-02,530,Pension medarbejder,3948.0
2025-03,530,Pension medarbejder,3948.0
2025-04,530,Pension medarbejder,3948.0
2025-05,530,Pension medarbejder,3948.0
2025-06,530,Pension medarbejder,3948.0
2025-07,530,Pension medarbejder,3948.0
2025-08,530,Pension medarbejder,3948.0
2025-09,530,Pension medarbejder,3948.0
2025-10,530,Pension medarbejder,3948.0
2025-11,530,Pension medarbejder,3948.0
2025-12,530,Pension medarbejder,3948.0
2025-01,130,Pension medarbejder,2811.0
2025-02,130,Pension medarbejder,2811.0
2025-03,130,Pension medarbejder,2811.0
2025-04,130,Pension medarbejder,2811.0
2025-05,130,Pension medarbejder,2811.0
2025-06,130,Pension medarbejder,2811.0
2025-07,130,Pension medarbejder,2811.0
2025-08,130,Pension medarbejder,2811.0
2025-09,130,Pension medarbejder,2811.0
2025-10,130,Pension medarbejder,2811.0
2025-11,130,Pension medarbejder,2811.0
2025-12,130,Pension medarbejder,2811.0
2025-01,167,Pension medarbejder,2664.0
2025-02,167,Pension medarbejder,2664.0
2025-03,167,Pension medarbejder,2664.0
2025-04,167,Pension medarbejder,2664.0
2025-05,167,Pension medarbejder,2664.0
2025-06,167,Pension medarbejder,2664.0
2025-07,167,Pension medarbejder,2664.0
2025-08,167,Pension medarbejder,2664.0
2025-09,167,Pension medarbejder,2664.0
2025-10,167,Pension medarbejder,2664.0
2025-11,167,Pension medarbejder,2664.0
2025-12,167,Pension medarbejder,2664.0
2025-01,849,Pension medarbejder,2541.0
2025-02,849,Pension medarbejder,2541.0
2025-03,849,Pension medarbejder,2541.0
2025-04,849,Pension medarbejder,2541.0
2025-05,849,Pension medarbejder,2541.0
2025-06,849,Pension medarbejder,2541.0
2025-07,849,Pension medarbejder,2541.0
2025-08,849,Pension medarbejder,2541.0
2025-09,849,Pension medarbejder,2541.0
2025-10,849,Pension medarbejder,2541.0
2025-11,849,Pension medarbejder,2541.0
2025-12,849,Pension medarbejder,2541.0
2025-01,983,Pension medarbejder,2487.0
2025-02,983,Pension medarbejder,2487.0
2025-03,983,Pension medarbejder,2487.0
2025-04,983,Pension medarbejder,2487.0
2025-05,983,Pension medarbejder,2487.0
2025-06,983,Pension medarbejder,2487.0
2025-07,983,Pension medarbejder,2487.0
2025-08,983,Pension medarbejder,2487.0
2025-09,983,Pension medarbejder,2487.0
2025-10,983,Pension medarbejder,2487.0
2025-11,983,Pension medarbejder,2487.0
2025-12,983,Pension medarbejder,2487.0
2025-01,462,Pension medarbejder,1869.0
2025-02,462,Pension medarbejder,1869.0
2025-03,462,Pension medarbejder,1869.0
2025-04,462,Pension medarbejder,1869.0
2025-05,462,Pension medarbejder,1869.0
2025-06,462,Pension medarbejder,1869.0
2025-07,462,Pension medarbejder,1869.0
2025-08,462,Pension medarbejder,1869.0
2025-09,462,Pension medarbejder,1869.0
2025-10,462,Pension medarbejder,1869.0
2025-11,462,Pension medarbejder,1869.0
2025-12,462,Pension medarbejder,1869.0
2025-01,207,Pension medarbejder,1791.0
2025-02,207,Pension medarbejder,1791.0
2025-03,207,Pension medarbejder,1791.0
2025-04,207,Pension medarbejder,1791.0
2025-05,207,Pension medarbejder,1791.0
2025-06,207,Pension medarbejder,1791.0
2025-07,207,Pension medarbejder,1791.0
2025-08,207,Pension medarbejder,1791.0
2025-09,207,Pension medarbejder,1791.0
2025-10,207,Pension medarbejder,1791.0
2025-11,207,Pension medarbejder,1791.0
2025-12,207,Pension medarbejder,1791.0
2025-01,414,Pension medarbejder,1791.0
2025-02,414,Pension medarbejder,1791.0
2025-03,414,Pension medarbejder,1791.0
2025-04,414,Pension medarbejder,1791.0
2025-05,414,Pension medarbejder,1791.0
2025-06,414,Pension medarbejder,1791.0
2025-07,414,Pension medarbejder,1791.0
2025-08,414,Pension medarbejder,1791.0
2025-09,414,Pension medarbejder,1791.0
2025-10,414,Pension medarbejder,1791.0
2025-11,414,Pension medarbejder,1791.0
2025-12,414,Pension medarbejder,1791.0
2025-01,392,Pension medarbejder,1611.0
2025-02,392,Pension medarbejder,1611.0
2025-03,392,Pension medarbejder,1611.0
2025-04,392,Pension medarbejder,1611.0
2025-05,392,Pension medarbejder,1611.0
2025-06,392,Pension medarbejder,1611.0
2025-07,392,Pension medarbejder,1611.0
2025-08,392,Pension medarbejder,1611.0
2025-09,392,Pension medarbejder,1611.0
2025-10,392,Pension medarbejder,1611.0
2025-11,392,Pension medarbejder,1611.0
2025-12,392,Pension medarbejder,1611.0
2025-01,265,Pension arbejdsgiver,12150.0
2025-02,265,Pension arbejdsgiver,12150.0
2025-03,265,Pension arbejdsgiver,12150.0
2025-04,265,Pension arbejdsgiver,12150.0
2025-05,265,Pension arbejdsgiver,12150.0
2025-06,265,Pension arbejdsgiver,12150.0
2025-07,265,Pension arbejdsgiver,12150.0
2025-08,265,Pension arbejdsgiver,12150.0
2025-09,265,Pension arbejdsgiver,12150.0
2025-10,265,Pension arbejdsgiver,12150.0
2025-11,265,Pension arbejdsgiver,12150.0
2025-12,265,Pension arbejdsgiver,12150.0
2025-01,530,Pension arbejdsgiver,11844.0
2025-02,530,Pension arbejdsgiver,11844.0
2025-03,530,Pension arbejdsgiver,11844.0
2025-04,530,Pension arbejdsgiver,11844.0
2025-05,530,Pension arbejdsgiver,11844.0
2025-06,530,Pension arbejdsgiver,11844.0
2025-07,530,Pension arbejdsgiver,11844.0
2025-08,530,Pension arbejdsgiver,11844.0
2025-09,530,Pension arbejdsgiver,11844.0
2025-10,530,Pension arbejdsgiver,11844.0
2025-11,530,Pension arbejdsgiver,11844.0
2025-12,530,Pension arbejdsgiver,11844.0
2025-01,130,Pension arbejdsgiver,8433.0
2025-02,130,Pension arbejdsgiver,8433.0
2025-03,130,Pension arbejdsgiver,8433.0
2025-04,130,Pension arbejdsgiver,8433.0
2025-05,130,Pension arbejdsgiver,8433.0
2025-06,130,Pension arbejdsgiver,8433.0
2025-07,130,Pension arbejdsgiver,8433.0
2025-08,130,Pension arbejdsgiver,8433.0
2025-09,130,Pension arbejdsgiver,8433.0
2025-10,130,Pension arbejdsgiver,8433.0
2025-11,130,Pension arbejdsgiver,8433.0
2025-12,130,Pension arbejdsgiver,8433.0
2025-01,167,Pension arbejdsgiver,7992.0
2025-02,167,Pension arbejdsgiver,7992.0
2025-03,167,Pension arbejdsgiver,7992.0
2025-04,167,Pension arbejdsgiver,7992.0
2025-05,167,Pension arbejdsgiver,7992.0
2025-06,167,Pension arbejdsgiver,7992.0
2025-07,167,Pension arbejdsgiver,7992.0
2025-08,167,Pension arbejdsgiver,7992.0
2025-09,167,Pension arbejdsgiver,7992.0
2025-10,167,Pension arbejdsgiver,7992.0
2025-11,167,Pension arbejdsgiver,7992.0
2025-12,167,Pension arbejdsgiver,7992.0
2025-01,849,Pension arbejdsgiver,7623.0
2025-02,849,Pension arbejdsgiver,7623.0
2025-03,849,Pension arbejdsgiver,7623.0
2025-04,849,Pension arbejdsgiver,7623.0
2025-05,849,Pension arbejdsgiver,7623.0
2025-06,849,Pension arbejdsgiver,7623.0
2025-07,849,Pension arbejdsgiver,7623.0
2025-08,849,Pension arbejdsgiver,7623.0
2025-09,849,Pension arbejdsgiver,7623.0
2025-10,849,Pension arbejdsgiver,7623.0
2025-11,849,Pension arbejdsgiver,7623.0
2025-12,849,Pension arbejdsgiver,7623.0
2025-01,983,Pension arbejdsgiver,7461.0
2025-02,983,Pension arbejdsgiver,7461.0
2025-03,983,Pension arbejdsgiver,7461.0
2025-04,983,Pension arbejdsgiver,7461.0
2025-05,983,Pension arbejdsgiver,7461.0
2025-06,983,Pension arbejdsgiver,7461.0
2025-07,983,Pension arbejdsgiver,7461.0
2025-08,983,Pension arbejdsgiver,7461.0
2025-09,983,Pension arbejdsgiver,7461.0
2025-10,983,Pension arbejdsgiver,7461.0
2025-11,983,Pension arbejdsgiver,7461.0
2025-12,983,Pension arbejdsgiver,7461.0
2025-01,462,Pension arbejdsgiver,5607.0
2025-02,462,Pension arbejdsgiver,5607.0
2025-03,462,Pension arbejdsgiver,5607.0
2025-04,462,Pension arbejdsgiver,5607.0
2025-05,462,Pension arbejdsgiver,5607.0
2025-06,462,Pension arbejdsgiver,5607.0
2025-07,462,Pension arbejdsgiver,5607.0
2025-08,462,Pension arbejdsgiver,5607.0
2025-09,462,Pension arbejdsgiver,5607.0
2025-10,462,Pension arbejdsgiver,5607.0
2025-11,462,Pension arbejdsgiver,5607.0
2025-12,462,Pension arbejdsgiver,5607.0
2025-01,207,Pension arbejdsgiver,5373.0
2025-02,207,Pension arbejdsgiver,5373.0
2025-03,207,Pension arbejdsgiver,5373.0
2025-04,207,Pension arbejdsgiver,5373.0
2025-05,207,Pension arbejdsgiver,5373.0
2025-06,207,Pension arbejdsgiver,5373.0
2025-07,207,Pension arbejdsgiver,5373.0
2025-08,207,Pension arbejdsgiver,5373.0
2025-09,207,Pension arbejdsgiver,5373.0
2025-10,207,Pension arbejdsgiver,5373.0
2025-11,207,Pension arbejdsgiver,5373.0
2025-12,207,Pension arbejdsgiver,5373.0
2025-01,414,Pension arbejdsgiver,5373.0
2025-02,414,Pension arbejdsgiver,5373.0
2025-03,414,Pension arbejdsgiver,5373.0
2025-04,414,Pension arbejdsgiver,5373.0
2025-05,414,Pension arbejdsgiver,5373.0
2025-06,414,Pension arbejdsgiver,5373.0
2025-07,414,Pension arbejdsgiver,5373.0
2025-08,414,Pension arbejdsgiver,5373.0
2025-09,414,Pension arbejdsgiver,5373.0
2025-10,414,Pension arbejdsgiver,5373.0
2025-11,414,Pension arbejdsgiver,5373.0
2025-12,414,Pension arbejdsgiver,5373.0
2025-01,392,Pension arbejdsgiver,4833.0
2025-02,392,Pension arbejdsgiver,4833.0
2025-03,392,Pension arbejdsgiver,4833.0
2025-04,392,Pension arbejdsgiver,4833.0
2025-05,392,Pension arbejdsgiver,4833.0
2025-06,392,Pension arbejdsgiver,4833.0
2025-07,392,Pension arbejdsgiver,4833.0
2025-08,392,Pension arbejdsgiver,4833.0
2025-09,392,Pension arbejdsgiver,4833.0
2025-10,392,Pension arbejdsgiver,4833.0
2025-11,392,Pension arbejdsgiver,4833.0
2025-12,392,Pension arbejdsgiver,4833.0
2025-01,265,Feriepenge,945.0
2025-02,265,Feriepenge,945.0
2025-03,265,Feriepenge,945.0
2025-04,265,Feriepenge,945.0
2025-05,265,Feriepenge,945.0
2025-06,265,Feriepenge,945.0
2025-07,265,Feriepenge,945.0
2025-08,265,Feriepenge,945.0
2025-09,265,Feriepenge,945.0
2025-10,265,Feriepenge,945.0
2025-11,265,Feriepenge,945.0
2025-12,265,Feriepenge,945.0
2025-01,530,Feriepenge,921.2
2025-02,530,Feriepenge,921.2
2025-03,530,Feriepenge,921.2
2025-04,530,Feriepenge,921.2
2025-05,530,Feriepenge,921.2
2025-06,530,Feriepenge,921.2
2025-07,530,Feriepenge,921.2
2025-08,530,Feriepenge,921.2
2025-09,530,Feriepenge,921.2
2025-10,530,Feriepenge,921.2
2025-11,530,Feriepenge,921.2
2025-12,530,Feriepenge,921.2
2025-01,130,Feriepenge,655.9
2025-02,130,Feriepenge,655.9
2025-03,130,Feriepenge,655.9
2025-04,130,Feriepenge,655.9
2025-05,130,Feriepenge,655.9
2025-06,130,Feriepenge,655.9
2025-07,130,Feriepenge,655.9
2025-08,130,Feriepenge,655.9
2025-09,130,Feriepenge,655.9
2025-10,130,Feriepenge,655.9
2025-11,130,Feriepenge,655.9
2025-12,130,Feriepenge,655.9
2025-01,167,Feriepenge,621.6
2025-02,167,Feriepenge,621.6
2025-03,167,Feriepenge,621.6
2025-04,167,Feriepenge,621.6
2025-05,167,Feriepenge,621.6
2025-06,167,Feriepenge,621.6
2025-07,167,Feriepenge,621.6
2025-08,167,Feriepenge,621.6
2025-09,167,Feriepenge,621.6
2025-10,167,Feriepenge,621.6
2025-11,167,Feriepenge,621.6
2025-12,167,Feriepenge,621.6
2025-01,849,Feriepenge,592.9
2025-02,849,Feriepenge,592.9
2025-03,849,Feriepenge,592.9
2025-04,849,Feriepenge,592.9
2025-05,849,Feriepenge,592.9
2025-06,849,Feriepenge,592.9
2025-07,849,Feriepenge,592.9
2025-08,849,Feriepenge,592.9
2025-09,849,Feriepenge,592.9
2025-10,849,Feriepenge,592.9
2025-11,849,Feriepenge,592.9
2025-12,849,Feriepenge,592.9
2025-01,983,Feriepenge,580.3000000000001
2025-02,983,Feriepenge,580.3000000000001
2025-03,983,Feriepenge,580.3000000000001
2025-04,983,Feriepenge,580.3000000000001
2025-05,983,Feriepenge,580.3000000000001
2025-06,983,Feriepenge,580.3000000000001
2025-07,983,Feriepenge,580.3000000000001
2025-08,983,Feriepenge,580.3000000000001
2025-09,983,Feriepenge,580.3000000000001
2025-10,983,Feriepenge,580.3000000000001
2025-11,983,Feriepenge,580.3000000000001
2025-12,983,Feriepenge,580.3000000000001
2025-01,462,Feriepenge,436.1
2025-02,462,Feriepenge,436.1
2025-03,462,Feriepenge,436.1
2025-04,462,Feriepenge,436.1
2025-05,462,Feriepenge,436.1
2025-06,462,Feriepenge,436.1
2025-07,462,Feriepenge,436.1
2025-08,462,Feriepenge,436.1
2025-09,462,Feriepenge,436.1
2025-10,462,Feriepenge,436.1
2025-11,462,Feriepenge,436.1
2025-12,462,Feriepenge,436.1
2025-01,207,Feriepenge,417.90000000000003
2025-02,207,Feriepenge,417.90000000000003
2025-03,207,Feriepenge,417.90000000000003
2025-04,207,Feriepenge,417.90000000000003
2025-05,207,Feriepenge,417.90000000000003
2025-06,207,Feriepenge,417.90000000000003
2025-07,207,Feriepenge,417.90000000000003
2025-08,207,Feriepenge,417.90000000000003
2025-09,207,Feriepenge,417.90000000000003
2025-10,207,Feriepenge,417.90000000000003
2025-11,207,Feriepenge,417.90000000000003
2025-12,207,Feriepenge,417.90000000000003
2025-01,414,Feriepenge,417.90000000000003
2025-02,414,Feriepenge,417.90000000000003
2025-03,414,Feriepenge,417.90000000000003
2025-04,414,Feriepenge,417.90000000000003
2025-05,414,Feriepenge,417.90000000000003
2025-06,414,Feriepenge,417.90000000000003
2025-07,414,Feriepenge,417.90000000000003
2025-08,414,Feriepenge,417.90000000000003
2025-09,414,Feriepenge,417.90000000000003
2025-10,414,Feriepenge,417.90000000000003
2025-11,414,Feriepenge,417.90000000000003
2025-12,414,Feriepenge,417.90000000000003
2025-01,392,Feriepenge,375.90000000000003
2025-02,392,Feriepenge,375.90000000000003
2025-03,392,Feriepenge,375.90000000000003
2025-04,392,Feriepenge,375.90000000000003
2025-05,392,Feriepenge,375.90000000000003
2025-06,392,Feriepenge,375.90000000000003
2025-07,392,Feriepenge,375.90000000000003
2025-08,392,Feriepenge,375.90000000000003
2025-09,392,Feriepenge,375.90000000000003
2025-10,392,Feriepenge,375.90000000000003
2025-11,392,Feriepenge,375.90000000000003
2025-12,392,Feriepenge,375.90000000000003
